{"errors":[],"warnings":[],"namedChunkGroups":{"app":{"chunks":[7,2],"assets":["webpack-runtime-89e992c19725bcf43052.js","webpack-runtime-89e992c19725bcf43052.js.map","app-dcf0a8c833b25611ef3a.js","app-dcf0a8c833b25611ef3a.js.map"],"children":{},"childAssets":{}},"component---src-pages-404-js":{"chunks":[0,1,3],"assets":["0-de6f1db00b0d2db17756.js","0-de6f1db00b0d2db17756.js.map","1.32215796f4bda8672042.css","1-6414b8c0f5e9b2c33a75.js","1-6414b8c0f5e9b2c33a75.js.map","component---src-pages-404-js-998a52d1d2c715260d7e.js","component---src-pages-404-js-998a52d1d2c715260d7e.js.map"],"children":{},"childAssets":{}},"component---src-pages-about-js":{"chunks":[0,1,4],"assets":["0-de6f1db00b0d2db17756.js","0-de6f1db00b0d2db17756.js.map","1.32215796f4bda8672042.css","1-6414b8c0f5e9b2c33a75.js","1-6414b8c0f5e9b2c33a75.js.map","component---src-pages-about-js-ef03be82aa558fe6173e.js","component---src-pages-about-js-ef03be82aa558fe6173e.js.map"],"children":{},"childAssets":{}},"component---src-pages-index-js":{"chunks":[0,1,5],"assets":["0-de6f1db00b0d2db17756.js","0-de6f1db00b0d2db17756.js.map","1.32215796f4bda8672042.css","1-6414b8c0f5e9b2c33a75.js","1-6414b8c0f5e9b2c33a75.js.map","component---src-pages-index-js-39c7d25b36d234b4efc1.js","component---src-pages-index-js-39c7d25b36d234b4efc1.js.map"],"children":{},"childAssets":{}},"pages-manifest":{"chunks":[6],"assets":["pages-manifest-0e796556bf6adc59d04f.js","pages-manifest-0e796556bf6adc59d04f.js.map"],"children":{},"childAssets":{}}},"assetsByChunkName":{"app":["webpack-runtime-89e992c19725bcf43052.js","app-dcf0a8c833b25611ef3a.js"],"component---src-pages-404-js":["0-de6f1db00b0d2db17756.js","1.32215796f4bda8672042.css","1-6414b8c0f5e9b2c33a75.js","component---src-pages-404-js-998a52d1d2c715260d7e.js"],"component---src-pages-about-js":["0-de6f1db00b0d2db17756.js","1.32215796f4bda8672042.css","1-6414b8c0f5e9b2c33a75.js","component---src-pages-about-js-ef03be82aa558fe6173e.js"],"component---src-pages-index-js":["0-de6f1db00b0d2db17756.js","1.32215796f4bda8672042.css","1-6414b8c0f5e9b2c33a75.js","component---src-pages-index-js-39c7d25b36d234b4efc1.js"],"pages-manifest":["pages-manifest-0e796556bf6adc59d04f.js"]}}