{"errors":[],"warnings":[],"namedChunkGroups":{"app":{"chunks":[7,2],"assets":["webpack-runtime-f33a19774f34263b669c.js","webpack-runtime-f33a19774f34263b669c.js.map","app-0b2073e2139dcef1eb12.js","app-0b2073e2139dcef1eb12.js.map"],"children":{},"childAssets":{}},"component---src-pages-404-js":{"chunks":[0,1,3],"assets":["0-36e873c763bc8ea45666.js","0-36e873c763bc8ea45666.js.map","1.32215796f4bda8672042.css","1-d21300981236a9267496.js","1-d21300981236a9267496.js.map","component---src-pages-404-js-d5c5fd36046846b404d7.js","component---src-pages-404-js-d5c5fd36046846b404d7.js.map"],"children":{},"childAssets":{}},"component---src-pages-about-js":{"chunks":[0,1,4],"assets":["0-36e873c763bc8ea45666.js","0-36e873c763bc8ea45666.js.map","1.32215796f4bda8672042.css","1-d21300981236a9267496.js","1-d21300981236a9267496.js.map","component---src-pages-about-js-730a772bf483e906ac90.js","component---src-pages-about-js-730a772bf483e906ac90.js.map"],"children":{},"childAssets":{}},"component---src-pages-index-js":{"chunks":[0,1,5],"assets":["0-36e873c763bc8ea45666.js","0-36e873c763bc8ea45666.js.map","1.32215796f4bda8672042.css","1-d21300981236a9267496.js","1-d21300981236a9267496.js.map","component---src-pages-index-js-99ee74a66e18e9023bfe.js","component---src-pages-index-js-99ee74a66e18e9023bfe.js.map"],"children":{},"childAssets":{}},"pages-manifest":{"chunks":[6],"assets":["pages-manifest-a883900079020afb404d.js","pages-manifest-a883900079020afb404d.js.map"],"children":{},"childAssets":{}}},"assetsByChunkName":{"app":["webpack-runtime-f33a19774f34263b669c.js","app-0b2073e2139dcef1eb12.js"],"component---src-pages-404-js":["0-36e873c763bc8ea45666.js","1.32215796f4bda8672042.css","1-d21300981236a9267496.js","component---src-pages-404-js-d5c5fd36046846b404d7.js"],"component---src-pages-about-js":["0-36e873c763bc8ea45666.js","1.32215796f4bda8672042.css","1-d21300981236a9267496.js","component---src-pages-about-js-730a772bf483e906ac90.js"],"component---src-pages-index-js":["0-36e873c763bc8ea45666.js","1.32215796f4bda8672042.css","1-d21300981236a9267496.js","component---src-pages-index-js-99ee74a66e18e9023bfe.js"],"pages-manifest":["pages-manifest-a883900079020afb404d.js"]}}